interf_type,n,percent
isomer,693,0.08504110933856915
isobar,399,0.04896306295250951
fragment,6388,0.7838998650141121
isotope,669,0.08209596269480918
